Company or Brand name,Logo link,Website Link,Stock symbol,HQ,Locations,Parent Organization,Subsidiaries,Founder,Key people,Industry & Keyword,Number of employees,Revenue,Founded,Type,Expertise,About,Expertise Links,CSR,Diversity (Underrepresented minorities),Diversity (Female CEO)
Louis Vuitton,https://media-exp1.licdn.com/dms/image/C4D0BAQFMIK2jRKq-SA/company-logo_200_200/0/1519856324201?e=1641427200&v=beta&t=ecdeJRrzSmJO8vXvJM4Mg7QT_eIaZFBIA08Pa1AvtUg,louisvuitton.com,MC.PA,"Paris, France",France -- Paris; France -- Cergy; France -- Ducey; France -- Saint-Pourçain-sur-Sioule; France -- Avranches; Germany -- Düsseldorf; Germany -- Munich; Austria -- Vienna; ,LVMH,"Tiffany & Co., Dior, Sephora, Fendi, Bulgari, Samaritaine, Hennessy, Givenchy, Moët & Chandon, Loewe, CELINE, Berluti, RIMOWA, Fenty Beauty, Kenzo S.A., Hublot, TAG Heuer, Loro Piana, Marc Jacobs, Fenty, Guerlain, Belmond, DFS Group, Acqua di Parma, Zenith, Ruinart, Louis Vuitton Foundation, Benefit Cosmetics, Château d’Yquem, Thomas Pink, DKNY, Kendo Holdings, Make Up For Ever, The Glen Morangie Company, Chandon, Château Cheval Blanc, PCIS, Moet Hennessy Usa, Inc.",Louis Vuitton,"Michael Burke (Chairman & CEO) Dec 19, 2012–, Nicolas Ghesquière & Virgil Abloh - Creative directors",Luxury fashion,"16,415","€14 billion, 2020",1854,Subsidiary,"new, luxury trunks, leather goods, ready-to-wear, shoes, watches, jewelry, accessories, sunglasses, books","Louis Vuitton Malletier, commonly known as Louis Vuitton or by its initials LV, is a French fashion house and luxury goods company founded in 1854 by Louis Vuitton.","new -- https://eu.louisvuitton.com/eng-e1/new/for-women/the-latest/_/N-1a24pb,",Sustainability Report -- https://r.lvmh-static.com/uploads/2021/05/en_lvmh_reng20.pdf,Yes,No
Gucci,https://media-exp1.licdn.com/dms/image/C4D0BAQH37etDm2jcrA/company-logo_200_200/0/1619079092198?e=1641427200&v=beta&t=V3iabYzNSKkPesfToIHKWDhMtAv-DJIW7fklrwbw3sQ,gucci.com,KER.PA,"Florence, Italy",Italy -- Florence; France -- Paris; ,Kering,"Gucci America, Inc., Fabbrica Quadranti S.A.",Guccio Gucci,"Marco Bizzarri (CEO) Jan 1, 2015–, Alessandro Michele - Creative director",Luxury fashion,"14,501",€9.628 billion,1921,Subsidiary,"handbags, ready-to-wear, footwear, accessories, cosmetics, fragrances, home design","Gucci is an Italian luxury fashion house based in Florence, Italy. Its product lines include handbags, ready-to-wear, footwear, and accessories, makeup, fragrances, and home decoration. Gucci was founded in 1921 by Guccio Gucci in Florence, Tuscany.",,"Foundation Combat Violence Against Women -- https://www.keringfoundation.org/en/, Sustainability Report -- https://progress-report.kering.com/Kering-Sustainability-Progress-Report-2017-2020.pdf ",No,No
Chanel,https://media-exp1.licdn.com/dms/image/C4D0BAQEkruYyZO3-3g/company-logo_200_200/0/1575623209364?e=1641427200&v=beta&t=Tr08tDFpMWqFXFpEJdPxwtlT3u6ZrfS-hOPAUWMDe5w,chanel.com,,"London, United Kingdom",United Kingdom -- London; Austria -- Vienna; Belgium -- Brussels; Denmark -- Copenhagen; France -- Neuilly-sur-Seine; Germany -- Hamburg; Ireland -- Dublin; Italy -- Milan; Luxembourg -- Luxembourg; Netherlands -- Amsterdam; Portugal -- Lisbon; Spain -- Madrid; Sweden -- Stockholm; Switzerland -- Geneva; Ukraine -- Kiev; Norway -- Oslo; ,Chanel Limited,"Orlebar Brown, Barrie Knitwear, Paraffection, Chanel K. K., Chanel Parfums Beauté SAS, ETS Bodin Joyeux SA, Paima Srl, Nillab Manifatture Italiane S.p.A., Ballin Project SRL, Hugo Tag Ennoblissement, DENIS & Fils S.A.S, Eres, Roveda S.r.l., Moulinages de Riotor, Calzaturificio Gensi Group S.R.L., Cellini 04 R.E. S.r.l., Colomer Leather Group s.l.",Coco Chanel,"Alain Wertheimer (CEO) Feb 2016–, Virginie Viard - Creative director, Philippe Blondiaux - CFO, Olivier Polge - Master perfumer",Luxury fashion,"17,181",€12.27 billion,1910,Subsidiary,"ready-to-wear, luxury goods, accessories, jewelry, fragrances","Chanel is a French luxury fashion house that was founded by couturière Coco Chanel in 1910. It focuses on women's ready-to-wear clothes, luxury goods and accessories.",,"Foundation -- https://www.fondationchanel.org/fr/accueil-en/, Sustainability Report -- http://services.chanel.com/i18n/fr_FR/pdf/Chanel_CSR_0305_Proof_180620_for_web.pdf ",,No
Hermès,https://media-exp1.licdn.com/dms/image/C4E0BAQEEwTOnwK5sGA/company-logo_200_200/0/1551795433647?e=1641427200&v=beta&t=a-AqT3SQviwYfyyGJbDbCZobbI51RGPSlMnNedBv11A,hermes.com,RMS.PA,"Paris, France",France -- Paris; France -- Aix-les-Bains; France -- Allenjoie; Ambarès-et-Lagrave; France -- Annonay; France -- Belley; France -- Bobigny; France -- Bogny-sur-Meuse; France -- Bourgoin-Jallieu; France -- Bussières; France -- Challes; France -- Héricourt; France -- Irigny; France -- Le Grand-Lemps; France -- Le Puy; France -- Les Abrets-en-Dauphiné; France -- Le Vaudreuil; France -- Marseille; France -- Montbron; France -- Nontron; France -- Pierre-Bénite; France -- Saint-Junien; France -- Saint-Just-le-Martel; France -- Saint-Louis-lès-Bitche; France -- Seloncourt; France -- Vivoin; Belgium -- Brussel; Czech Republic -- Prague; Denmark -- København; Germany -- München; Greece -- Athina; Italy -- Milano; Monaco -- Monaco; Portugal -- Lisboa; Russia -- Moskva; Spain -- Madrid; Switzerland -- Brügg; United Kingdom -- London;,Hermès International,"John Lobb, Puiforcat, Saint-Louis, Shang Xia",Thierry Hermès,"Axel Dumas (CEO) Jun 5, 2013–",Luxury fashion,"9,311",€6.883 billion,1837,Public,"leather goods, accessories, home design, fragrances, jewelry, watches, ready-to-wear","Hermès International S.A., or simply Hermès, is a French luxury goods manufacturer established in 1837. It specializes in leather goods, lifestyle accessories, home furnishings, perfumery, jewelry, watches and ready-to-wear. Its logo, since the 1950s, is of a Duc carriage with horse.",,Sustainability Report -- https://assets-finance.hermes.com/s3fs-public/node/pdf_file/2021-04/1619624379/hermes_2020_urd_csr-extract_en.pdf,,No
Dior,https://media-exp1.licdn.com/dms/image/C4E0BAQH5vg_hGc0meg/company-logo_200_200/0/1583941887011?e=1641427200&v=beta&t=LhM3X5RsRf3Gvs9m4dkmeKqehYZQ3mZexF8hhhFQe0g,dior.com,CDI.PA,"Paris, France",France -- Paris; ,LVMH,"Christian Dior Far East Limited, Christian Dior Couture S.A., Dior Watches North America, John Galliano S.A., Christian Dior Couture Korea Ltd., Manufactures Dior Srl, Christian Dior Australia Pty Ltd., Ateliers Modeles SAS, Christian Dior Taiwan Limited, Christian Dior EspaIola Sl, Financiere Jean Goujon, Christian Dior Inc., Christian Dior Hong Kong Ltd., Christian Dior (Suisse) SA, Christian Dior Italia Srl, Christian Dior UK Ltd., Les Ateliers Bijoux Gmbh, Christian Dior Puerto Banus Sl, CD Investissements","Marcel Boussac, Christian Dior",Pietro Beccari (CEO) Feb 2018–,Luxury fashion,"7,553",€53.67 billion,1947,Public,"leather goods, accessories, home design, fragrances, jewelry, watches, ready-to-wear","Christian Dior SE, commonly known as Dior, is a French luxury fashion house controlled and chaired by French businessman Bernard Arnault, who also heads LVMH, the world's largest luxury group. Dior itself holds 42.36% shares of and 59.01% voting rights within LVMH.",,,,No
Prada,https://media-exp1.licdn.com/dms/image/C4D0BAQH3fa7aFjumrg/company-logo_200_200/0/1530623090486?e=1641427200&v=beta&t=L6zY0VGb63QK3UOlcr9yiZXd3f4GfDGtDB3nivtkg_g,prada.com,PRDSY,"Milan, Italy",Italy -- Milan; Italy -- Lugarno; Italy -- Montegranaro; Italy -- Montevarchi; Italy -- Levanella; Italy -- Scandicci; Italy -- Palermo; Italy -- Bologna; France -- Limoges; France -- Cannes; Spain -- Madrid; Spain -- Barcelona; Greece -- Athens; Portugal -- Lisbon; United Kingdom -- Northhampton; Saudi Arabia -- Jeddah;,Prada Holding S.P.A.,"Prada Thailand, Hipic Prod Impex SRL, Prada Retail France SAS, Prada Czech Republic Sro, Car Shoe Italia, Pv, Prada Korea Ltd., Prada Stores Srl, Prada Australia Pty Limited, Artisans Shoes Srl, Church’s, Prada Austria Gmbh, Tannerie Limoges SAS, Pra 1 Srl, Pellettieri D’italia Srl, Prada Monte-Carlo Sam, Marchesi Angelo S.r.l., Prada Far East B.V., Prada Ukraine Llc, Space Caffè Srl, Prada Canada Corp., Prada Middle East FZCO, Prada SA, Car Shoe Hong Kong Ltd, Prada Retail Spc, PH-RE LLC, Prada Fashion Commerce (Shanghai) Co. Ltd., PRADA Panama SA, Prada Company Sa, Prada Japan Co. Ltd., Prada Bosphorus Deri Mamuller Limited Sirketi, Space Hong Kong Ltd, Prada Maroc Sarlau, Prada Rus Llc, Prada Kazakhstan Llp, Eyewear International Distribution S.A., Prada Hong Kong P.d. Ltd, Santacroce SRL",Mario Prada,Patrizio Bertelli (CEO),Luxury fashion,"7,132",€3.91 billion,1913,Public,"leather handbags, accessories, shoes, ready-to-wear, fragrances, accessories","Prada S.p.A. is an Italian luxury fashion house that was founded in 1913 by Mario Prada. It specializes in leather handbags, travel accessories, shoes, ready-to-wear, perfumes and other fashion accessories.",,,,No
Fendi,https://media-exp1.licdn.com/dms/image/C4D0BAQHhlJ9XsXr6-A/company-logo_200_200/0/1567584808449?e=1641427200&v=beta&t=Y5dSznauckq8RvBBjYIzPlt4wrHhxbmeT1auvuq6Xj8,fendi.com,MC.PA,"Rome, Italy",Italy -- Rome; United States -- Washington; United States -- New York; Philippines -- Manila;,LVMH,Fendi Industria Srl,"Adele Fendi, Edoardo Fendi",Serge Brunschwig (CEO) Feb 2018–,Luxury fashion,"2,648",€1.1 billion,1925,Public,"Furs, Handbags, Leather goods, Ready-to-Wear, Accessories, Shoes, Watches, Eyewear, fragrances, Jewelry, Beachwear, Activewear, children’s wear, Home Design","Fendi is an Italian luxury fashion house producing fur, ready-to-wear, leather goods, shoes, fragrances, eyewear, timepieces and accessories. Founded in Rome in 1925, Fendi is known for its fur and fur accessories, and for its leather goods.",,,,No
Burberry,https://media-exp1.licdn.com/dms/image/C560BAQGg4tPyqVNB0g/company-logo_200_200/0/1533204445524?e=1641427200&v=beta&t=3B_iV8lPWrUBxvYwJQi-GaxxoOQjmNCQc31NXzyULrY,burberry.com,BRBY.L,"London, United Kingdom",United Kingdom -- London; France -- Paris; Italy -- Fiumicino; Italy -- Florence; Italy -- Milan; Italy -- Rome; Italy -- Venice; Germany -- Berlin; Germany -- Düsseldorf; Germany -- Frankfurt; Germany -- Hamburg; Germany -- Munich; Spain -- Barcelona; Spain -- Madrid; Portugal -- Lisbon; Hungary -- Budapest; Ireland -- Dublin; Austria -- Vienna; Belgium -- Brussels; Czech Republic -- Prague; Denmark -- Copenhagen; Netherlands -- Amsterdam; Switzerland -- Geneva; Switzerland -- Zurich; Sweden -- Stockholm; Norway -- Oslo; Poland -- Warsaw; Romania -- Bucharest; Russia -- Moscow; Russia -- Krasnogorsk; Latvia -- Riga; Estonia -- Tallinn; Finland -- Helsinski; Turkey -- Ankara; Turkey -- Istanbul; Georgia -- Tbilisi; Indonesia -- Jakarta; Kazakhstan -- Almati; Lebanon -- Beirut; Mexico -- Mexico City; Mexico -- Huixquilucan; Mexico -- Zapopan; Brazil -- Brasilia; Brazil -- Curitiba; Brazil -- Guarulhos; Brazil -- Rio de Janeiro; Brazil -- Sao Paolo; Australia -- Melbourne; Australia -- Brisbane; Australia -- Sydney; China -- Beijing; China -- Chengdu; Hong Kong -- Hong Kong; Japan -- Tokyo; Japan -- Kyoto; Tokyo -- Yokohama; Macau -- Macau; Mongolia -- Ulaanbaatar; Singapore -- Singapore; South Korea -- Seoul; India -- Bangalore; India -- Mumbai; India -- Kolkatta; India -- Hyderabad; Indonesia -- Jakarta; Malaysia -- Kuala Lumpur; Philippines -- Manila; South Africa -- Cape Town; South Africa -- Johannesburg; Thailand -- Bangkok; Ukraine -- Kiev; Vietnam -- Hanoi; Vietnam -- Ho Chi Minh City;,Burberry Group Plc,"Burberry Korea Ltd., Burberry Asia Ltd., Burberry Pacific Pty Ltd., Burberry Italy Retail Ltd., Burberry Japan K.K., Mercader Y Casadevall S.A., Burberry Guam, Inc., The Scotch House Ltd., Burberry (Spain) Retail S.L., Burberry (UK) Ltd, Burberry (Singapore) Distribution Company Pte Ltd., Burberry France SASU, Burberry (Malaysia) Sdn Bhd, Woodrow-Universal Limited, Burberry (Suisse) S.A., Burberry (Taiwan) Co., Ltd., Burberry Ireland Ltd., Burberry Limited, Burberry Italy SRL, Burberry Canada Inc., Burberry (Austria) GmbH, Burberry Czech Republic S.R.O., Burberry Europe Holdings Limited, Burberry Antwerp N.V., Burberry International Holdings Limited, Burberry India Private Limited, Burberry (Wholesale) Ltd., Burberry (Deutschland) GmbH, Burberry Netherlands BV, Burberry (shanghai) Trading Co., Ltd., Burberry Hungary Kft, Burberry Luxembourg Investments Sarl, Burberry International K.k",Thomas Burberry,"Marco Gobbetti (CEO) Jul 5, 2017–",Luxury fashion,"7,919",€2.63 billion,1856,Public,"ready-to-wear, leather goods, footwear, accessories, eyewear, fragrances, cosmetics","Burberry is a British luxury fashion house headquartered in London, England. It currently designs and distributes ready to wear including trench coats, leather goods, footwear, fashion accessories, eyewear, fragrances, and cosmetics. ",,,,No
Bottega Veneta,https://media-exp1.licdn.com/dms/image/C4D0BAQFgCUmYL7I3Vw/company-logo_200_200/0/1609855593624?e=1641427200&v=beta&t=zsqzkhWG4LfLRH9AweNsSKZilx2pjQbGtwg4lvIzNNE,bottegaveneta.com,KER.PA,"Milan, Italy",Italy -- Milan; Italy -- Venice; Italy -- Rome; France -- Paris; France -- Cannes; Germany -- Berlin; Germany -- Munich; Germany -- Frankfurt; Spain -- Barcelona; Spain -- Madrid; Portugal -- Lisbon; United Kingdom -- London;,Kering,,"Renzo Zengiaro, Michele Taddei","Bartolomeo Rongone (CEO) Sep 1, 2019 –",Luxury fashion,"2,276","€1.168 billion, 2019",1966,Public,"ready-to-wear, handbags, shoes, accessories, jewelry, fragrances","Bottega Veneta is an Italian luxury fashion house based in Milan, Italy. Its product lines for men and women include ready-to-wear, handbags, shoes, accessories, jewellery and fragrances. Bottega Veneta was founded in 1966 in Vicenza, Veneto, by Michele Taddei and Renzo Zengiaro.",,,,No
Saint Laurent,https://media-exp1.licdn.com/dms/image/C4E0BAQGh2AMQapPeyw/company-logo_200_200/0/1519874644605?e=1641427200&v=beta&t=WJgwWAAGg0etEyEyhQfjoUTppEgZ5pu8A0CF6S2rs_4,ysl.com,KER.PA,"Paris, France",France -- Paris; France -- Cannes; Italy -- Milan; Italy -- Rome; Germany -- Berlin; Germany -- Munich; United Kingdom -- London; ,Kering,,"Yves Saint Laurent, Pierre Bergé","Francesca Bellettini (CEO) Sep 1, 2013–",Luxury fashion,"3,116",€1.74 billion,1961,Public,"ready-to-wear, leather goods, shoes, jewelry","Yves Saint Laurent SAS, also known as Saint Laurent, is a French luxury fashion house founded by Yves Saint Laurent and his partner, Pierre Bergé. The company revived its haute couture collection in 2015 under former Creative Director Hedi Slimane. In April 2016, Anthony Vaccarello was appointed as Creative Director.",,,,Yes
Givenchy,https://media-exp1.licdn.com/dms/image/C4D0BAQFoIhfjluHvXw/company-logo_200_200/0/1602078640010?e=1641427200&v=beta&t=vAmRZa9cRwOGSnjd0KgwBwrKgwYiThJ2mGv99H-KTBA,givenchy.com,MC.PA,"Paris, France",France -- Paris; Italy -- Milan;,LVMH,,Hubert de Givenchy,"Renaud de Lesquen (CEO) Apr 1, 2020–",Luxury fashion,"1,364","€917.7 million, 2012",1952,Public,"ready-to-wear, haute couture, accessories, fragrances, cosmetics","Givenchy is a French luxury fashion and perfume house. It hosts the brand of haute couture clothing, accessories and Parfums Givenchy, perfumes and cosmetics. The house of Givenchy was founded in 1952 by designer Hubert de Givenchy and is a member of Chambre Syndicale de la Haute Couture et du Pret-a-Porter.",,,,No
Celine,https://media-exp1.licdn.com/dms/image/C560BAQEgRng4bPe2AQ/company-logo_200_200/0/1535920844510?e=1641427200&v=beta&t=crsxX2lQOftYu_uQ_-XldULLFWfCZthU4aHbaBDivj8,celine.com,MC.PA,"Paris, France",France -- Paris;,LVMH,,Céline Vipiana,"Séverine Merle Apr 1, 2017–",Luxury fashion,"1,900","€441,36 million",1945,Public,"ready-to-wear, leather Goods, Shoes, Accessories, Fragrances, Couture",Celine is a French ready-to-wear and leather luxury goods brand that has been owned by LVMH group since 1996. It was founded in 1945 by Céline Vipiana.,,,,Yes
Balenciaga,https://media-exp1.licdn.com/dms/image/C510BAQEpE-5WxH2sng/company-logo_200_200/0/1519902485319?e=1641427200&v=beta&t=XsUl4YuE8E99d_WJIoAC8o9TK16dziCu8HsoBSx7kK0,balenciaga.com,KER.PA,"Paris, France",France -- Paris;,Kering,"Balenciaga Korea Ltd., Balenciaga Japan KK",Cristóbal Balenciaga,"Cédric Charbit Nov 28, 2016–",Luxury fashion,"1,965",€8 billion,1917,Public,"ready-to-wear, leather goods, shoes, accessories, glasses, fragrances",,,,,No
Dolce & Gabbana,https://media-exp1.licdn.com/dms/image/C560BAQGE04YlwKByxw/company-logo_200_200/0/1519856483237?e=1641427200&v=beta&t=LZi3mcI8S4iYHlKd-qnA2mZOEILk5JY-rDB-L-HC3M8,dolcegabbana.com,SHD.BE,"Milan, Italy",Italy -- Milan;,Dolce & Gabbana Luxembourg S.à.r.l.,"Dolce & Gabbana Industria S.p.A., Dolce & Gabbana Uk Limited, Dolce & Gabbana Trademarks Srl, Dolce & Gabbana USA Inc.","Stefano Gabbana, Domenico Dolce","Alfonso Dolce (CEO), Cristiana Ruella (COO)",Luxury fashion,"3,975",€1.29 billion,1985,Private,"ready-to-wear, leather goods, footwear, accessories, jewelry, timepieces, beauty, eyewear",,,,,No
Akris,https://media-exp1.licdn.com/dms/image/C560BAQFthGdCoB2htg/company-logo_200_200/0/1519875478153?e=1641427200&v=beta&t=Kh3tLJJbiYIbmAKvZBsiT0al898o1LspEpT6HrApdYQ,akris.com,,"St. Gallen, Switzerland",Switzerland -- St. Gallen; Switzerland -- Speicher; United States -- New York; Japan -- Tokyo; South Korea -- Seoul; China -- Shanghai;,Akris,,Alice Kriemler-Schoch,"Albert Kriemler (creative director), Peter Kriemler (CEO) Jun 1986 --",Luxury fashion,252,€14.24 million,1922,Private,"ready-to-wear, tailoring, suits, cashmere, handbags, double-face",,,,,No
Alberta Ferretti,https://media-exp1.licdn.com/dms/image/C4E0BAQGgBPcXRTN4Kw/company-logo_200_200/0/1524814714214?e=1641427200&v=beta&t=hszzIjJRTbCYf_-rTNVAJ02XA-hhjKMpxzoDaaE0TjM,albertaferretti.com,AEF.MI,"Milan, Italy",Italy -- Milan;,Aeffe SpA,,Alberta Ferretti,Simone Badioli (CEO) ,Luxury fashion,54,€361 million,1988,Public,"Haute Couture, ready-to-wear, Accessories, Shoes",,,,,No
Alexander McQueen,https://media-exp1.licdn.com/dms/image/C560BAQFVDCrA1f9PMA/company-logo_200_200/0/1551878022994?e=1641427200&v=beta&t=iEonSOniK0xJ1talem3p0f4rAoprIYy0nQV_wggaUc4,alexandermcqueen.com,KER.PA,"London, United Kingdom",United Kingdom -- London; France -- Paris; Italy -- Scandicco; United States -- New York;,Kering,,Alexander McQueen,"Emmanuel Gintzburger (CEO) May 9, 2016–, Jonathan Akeroyd (President)",Luxury fashion,898,€229.2 million,1992,Private,"ready-to-wear, LEATHER GOODS, MENSWEAR, FRAGRANCES, ACCESSORIES, SHOES, LUXURY GOODS, EYEWEAR",,,,,No
Balmain,https://media-exp1.licdn.com/dms/image/C4D0BAQEuXadHq4giTQ/company-logo_200_200/0/1548341874285?e=1641427200&v=beta&t=repBZdN_vR9DYEyvUfpSIA2M-uJEKrQgWAerHrFCq_E,balmain.com,,"Paris, France",France -- Paris;,Mayhoola for Investments,,Pierre Balmain,Jean-Jacques Guevel (CEO) Feb 2020–,Luxury fashion,589,€150 million,1945,Private,"ready-to-wear, Bags, Shoes, Accessories",,,,,No
Brioni,https://media-exp1.licdn.com/dms/image/C4D0BAQFquKZ-kYYkKA/company-logo_200_200/0/1616167905696?e=1641427200&v=beta&t=lkBZ_JFw5HbNdFQa6TjLIly5Fmhj_SsKTP2174cu8kw,brioni.com,KER.PA,"Rome, Italy",Italy -- Rome;,Kering,Brioni Roman Style USA Corp.,"Nazareno Fonticoli, Gaetano Savini","Fabrizio Malverdi (CEO) Apr 18, 2017–",Luxury fashion,526,€170 million,1945,Private,"ready-to-wear, leather goods, shoes, eyewear",,,,,No
Chloé,https://media-exp1.licdn.com/dms/image/C4D0BAQGr1tTXPDK6uQ/company-logo_200_200/0/1619515375403?e=1641427200&v=beta&t=xNxyM5Q3MDwWjI8uBUaTTr8On1-p8g2qtKljfK6-tL8,chloe.com,CFR.ZU,"Paris, France",France -- Paris; ,Compagnie Financiere Richemont SA,,"Gaby Aghion, Jacques Lenoir","Riccardo Bellini (CEO) Dec 1, 2019–",Luxury fashion,931,€91 million,1952,Private,"Ready-to-Wear, bags, shoes, eyewear, beachwear, accessories, fragrances, children’s wear",,,,,No
Comme des Garçons,https://media-exp1.licdn.com/dms/image/C510BAQER-hzMfPbVjg/company-logo_200_200/0/1519907416226?e=1641427200&v=beta&t=C6Nsll13URS3z0v2wm5S6NIZ1LL6NdQOBqoZN6Nieck,comme-des-garcons.com,,"Paris, France",France -- Paris; United States -- New York; United Kingdom -- London; Singapore -- Singapore; China -- Beijing; Netherlands -- Amsterdam; Germany -- Berlin; Hong Kong -- Hong Kong; Hong Kong -- Kowloon; Hong Kong -- Causeway Bay; China -- Shanghai; Thailand -- Bangkok; South Korea -- Seoul; South Korea -- Gyeonggi-do; South Korea -- Daegu; South Korea -- Daejeon; South Korea -- Busan; Philippines -- Manila; Australia -- Melbourne; Russia -- St. Petersburg; United Arab Emirates -- Dubai; Canada -- Toronto; Canada -- Vancouver;,,,Rei Kawakubo,Adrian Joffe (CEO),Luxury fashion,145,€1.98 million,1969,Private,"ready-to-wear, accessories, fragrances",,,,,No
Daks,https://media-exp1.licdn.com/dms/image/C560BAQGgti1798nf8w/company-logo_200_200/0/1560424579768?e=1631145600&v=beta&t=pEnrxhhdoexIhKM9U4LBEbbTsO-se7UYsQi5TfCgG3M,daks.com,,"London, United Kingdom",United Kingdom -- London;,"Sankyo Seiko Co., Ltd.",,Simeon Simpson,Nark Alan (CEO),Luxury fashion,70,€84.00 Million,1894,Private,"ready-to-wear, Accessories, Tailoring",,,,,No
Dries van Noten,https://media-exp1.licdn.com/dms/image/C560BAQGN2dRTK-deig/company-logo_200_200/0/1572520446449?e=1631145600&v=beta&t=0vV5qdEuTLM926nX7Q5r6cHTZaGDg3tYBvFgdI517aY,driesvannoten.com,,"Antwerp, Belgium",Belgium -- Antwerp; United States -- New York; Japan -- Tokyo; Germany -- Hamburg; Italy -- Milan;,Puig Beauty & Fashion Group S.L.,,"Dries van Noten, Christine Mathys",Matteo De Rosa (CEO) Feb 1 2020 --,Luxury fashion,136,€80 million,1986,Private,ready-to-wear,,,,,No
Emilio Pucci,https://media-exp1.licdn.com/dms/image/C560BAQFxyvzUQxnd3Q/company-logo_200_200/0/1623082036377?e=1641427200&v=beta&t=ujt08P1jhR4ZFgMIW43czqSeVq2_SKEaTlw68yT13VA,emiliopucci.com,MC.PA,"Milan, Italy",United States -- New York; Japan -- Tokyo;,LVMH,,Emilio Pucci,Giorgio Presca (Interim CEO),Luxury fashion,194,€79.31 million,1947,Private,"ready-to-wear, accessories, sneakers, eyewear, children’s wear",,,,,No
Ermenegildo Zegna,https://media-exp1.licdn.com/dms/image/C4E0BAQG90RxdIe71WA/company-logo_200_200/0/1557753971113?e=1641427200&v=beta&t=K4lUE9e3EJ8rx89844B8XtYzfrVh-mVP-bLrZiv6TUY,zegna.com,,"Milan, Italy",Brazil -- São Paulo; Mexico -- Mexico; United States -- New York; China -- Shanghai; Japan --Tokyo; South Korea -- Seoul; Singapore -- Singapore;,Monterubello Societa’ Semplice,"Thom Browne, Inc., Gruppo Dondi S.p.A., TESSITURA UBERTINO srl, Zeleco Spa, Lanerie Agnona Spa, Italco S.A.. Ermenegildo Zegna Corporation, The Achill Company, Zeco Trading Sa, Veze Sa",Ermenegildo Zegna,"Ermenegildo Zegna (CEO) Dec 15, 2006–",Luxury fashion,"2,466",€1.159 billion,1910,Private,"ready-to-wear, couture, leather goods, shoes",,,,,No
Escada,https://media-exp1.licdn.com/dms/image/C4D0BAQHU_B_eLZymCw/company-logo_200_200/0/1530253030963?e=1641427200&v=beta&t=XONmaqrl_-Y4rW6gltKmKTMjQjw6HPxwWC9ILE7jxSY,escada.com,,"Munich, Germany",,"Regent, L.P.",ESCADA (Asia) Ltd,"Margaretha Ley, Wolfgang Ley","Iris Epple-Righi ( (CEO) Sep 1, 2016–",Luxury fashion,520,€133.93 million,1978,Private,"Luxury goods, Ready-to-wear, Accessories",,,,,Yes
Etro,https://media-exp1.licdn.com/dms/image/C4E0BAQGaT6iaPzMs8g/company-logo_200_200/0/1600857320132?e=1641427200&v=beta&t=uGX-fPuLXO0n7JGfxKhUiKxIHw9t0pbdX2G0uYQ1Ovk,etro.com,,"Milan, Italy",,L Catterton,"Etro Japan, ETRO USA, Inc.",Gerolamo Etro,Francesco Freschi (CEO) Jul 2015–,Luxury fashion,636,€185.24 million,1968,Private,"ready-to-wear, footwear, handbags, jewelry, fragrances, home design",,,,,No
Gianfranco Ferré,https://media-exp1.licdn.com/dms/image/C510BAQENQoKYigxWCw/company-logo_200_200/0/1563102607436?e=1641427200&v=beta&t=9TidlrMdvaoWOEP2sYvFEbwAb-rLbAp2bS5AKuOV5Ak,gianfrancoferrehome.it,,"Milan, Italy",Ukraine -- Kiev; Russia -- Moscow; Cyprus -- Limassol; Russia -- Kazan; Monaco -- Monaco; Armenia -- Yerevan; Spain -- Barcelona; Poland -- Warsaw; Bulgaria -- Sofia; Ukraine -- Odessa; Bulgaria -- Varna; United States -- MIami; Canada -- Ontario; Lebanon -- Beirut; Iraq -- Erbil; Kazakhstan -- Almaty; United Arab Emirates -- Dubai; Azerbaijan -- Baku; Morocco -- Casablanca; Turkey -- Istanbul; Qatar -- Doha; India -- New Delhi; Vietnam -- Ho Chi Minh City; Vietnam -- Hanoi; China -- Nanjing; China -- Suzhou; Australia -- Sydney;,Paris Group,,Gianfranco Ferré,Mohamad Iyad Jalab (CEO),Luxury fashion,50,€2.5 - 5 million,1974,Public,"jeans, sportswear, shoes, home design, accessories",,,,,No
Giorgio Armani,https://media-exp1.licdn.com/dms/image/C4D0BAQGCO8olsaHt6Q/company-logo_200_200/0/1585065797231?e=1641427200&v=beta&t=Uorkb_taikN5CJP3ioTROak8p-Rbqu2pvxMp9jQlA3A,armani.com,,"Milan, Italy",,,"A|X Armani Exchange, Pallacanestro Olimpia Milano SSRL, GA Operation S.p.A., Giorgio Armani India Private Limited, Mezun S.L., Giorgio Armani Corporation, Gala Inc., Deimutti Compagnia Dei Cuoi Srl, Presidio Holdings Limited","Giorgio Armani, Sergio Galeotti",Giorgio Armani (CEO) 1975–,Luxury fashion,"5,794",€2.1 billion,1975,Private,"haute couture, ready-to-wear, leather goods, shoes, watches, jewelry, accessories, eyewear, cosmetics, home design",,,,,No
Hugo Boss,https://media-exp1.licdn.com/dms/image/C4D0BAQH1MfN8XugBVw/company-logo_200_200/0/1628240962395?e=1641427200&v=beta&t=PuJtochJ85sevbmUy_5qky274AQbRyFRk-INM1A--No,hugoboss.com,BOSS.DE,"Metzingen, Germany",Netherlands -- Amsterdam; Belgium -- Antwerp; Greece -- Athens; Denmark -- Copenhagen; Portugal -- Lisbon; United Kingdom  -- London; Germany -- Metzingen; Russia -- Moscow; France -- Paris; Poland -- Warsaw; Switzerland -- Zug; Turkey -- Ismir;,"Valentino, Marzotto","HUGO BOSS UK Limited, HUGO BOSS International B.V., Hugo Boss USA, Inc., Hugo Boss Canada Inc., Hugo Boss Australia Pty Ltd., Hugo Boss Benelux B.V., Hugo Boss Ticino Sa, GRETANA Grundstücks-Vermietungsgesellschaft mbH & Co. Objekt D 19 KG, HUGO BOSS Shoes & Accessories AG, Eura 2000 SA Luxembourg, BIL Leasing Verwaltungs-GmbH & Co 869 KG",Hugo Boss,"Daniel Grieder (CEO) Jun 1, 2021–, Yves Müller (CFO)",Luxury fashion,"9,184",€2.88 billion,1924,Public,"ready-to-wear, accessories, footwear, fragrances",,,,,No
Jean Paul Gaultier,https://media-exp1.licdn.com/dms/image/C560BAQFoPgDBktp3Yw/company-logo_200_200/0/1627302365628?e=1641427200&v=beta&t=BKwpZh_-CfDWzDDQtrYr5AplLYn8AZ6Ooiu7AG1F2hQ,jeanpaulgaultier.com,,"Paris, France",,Puig Beauty & Fashion Group S.L.,,Jean Paul Gaultier,Antoine Gagey (General Manager) Oct 2019,Luxury fashion,103,€14.89 million,1976,Private,"haute couture, fragrances",,,,,No
Jil Sander,https://media-exp1.licdn.com/dms/image/C560BAQHMMajmG5N4jg/company-logo_200_200/0/1530786311736?e=1641427200&v=beta&t=_p8ecl5kV12HPNUwcT4IDiwoqltgjT6DKouZ2LZ_55o,jilsander.com,,"Milan, Italy",,OTB Group,,Jil Sander,Axel Keller (CEO) Oct 2018–,Luxury fashion,340,€92 million,1968,Public,"ready-to-wear, bags, accessories, footwear",,,,,No
Kenzo,https://media-exp1.licdn.com/dms/image/C4D0BAQGzkaeZKPf6gw/company-logo_200_200/0/1579191342260?e=1631145600&v=beta&t=yrfdPe12lY62oDWMTnmTC0AKdBO_iRfA6ORxKE-B54s,kenzo.com,MC.PA,"Paris, France",,LVMH,,Kenzo Takada,Sylvain Blanc (CEO),Luxury fashion,699,€388 million,1970,Public,"sportswear, shoes, accessories",,,,,No
Krizia,https://media-exp1.licdn.com/dms/image/C4D0BAQHS140tPznkEA/company-logo_200_200/0/1611824900186?e=1641427200&v=beta&t=lSUDe7Lnjm9K_N9K1-buENisNZ9UKSZptTcryXQXPOw,krizia.it,,"Milan, Italy",,"Shenzhen Marisfrolg Fashion Co., Ltd.",,Mariuccia Mandelli,Zhu Chongyun (CEO),Luxury fashion,36,"401,000",1954,Private,"ready-to-wear, accessories, Jewelry, Leather goods, shoes, fragrances",,,,,Yes
Lanvin,https://media-exp1.licdn.com/dms/image/C4E0BAQHn93v8f7Fdvw/company-logo_200_200/0/1560259249791?e=1641427200&v=beta&t=wD5tzSEgozqCiwB9-peGo80cYsugDdcMbuJNrpcKIao,lanvin.com,,"Paris, France",,"Fosun International, Fosun Fashion Group",Lanvin Japan K.K.,Jeanne Lanvin,"Jean-Philippe Hecquet (CEO) Oct 10, 2018–",Luxury fashion,463,€203 million,1889,Private,"Accessories, fragrances, jewelry",,,,,No
Laura Biagiotti,https://www.laurabiagiotti.it/wp-content/uploads/2017/11/LOGO-NUOVO.jpg,laurabiagiotti.it,,"Rome, Italy",,,,Laura Biagiotti,"Lavinia Biagiotti (President, CEO) 2017--",Luxury fashion,,€341 million,1972,,"ready-to-wear, fragrances",,,,,Yes
Loewe,https://media-exp1.licdn.com/dms/image/C4E0BAQEn2U3U5Ff8SQ/company-logo_200_200/0/1519856781021?e=1641427200&v=beta&t=uWBxR3wTunXbamt7wzXX-B4WBK2tckdOomFYFomn680,loewe.com,MC.PA,"Madrid, Spain",,LVMH,,Enrique Loewe Roessberg,Pascale Lepoivre (CEO) Sep 2016–,Luxury fashion,"1,242",€341.1 million,1846,Private,"cosmetics, accessories, jewelry, fragrances, watches",,,,,Yes
Longchamp,https://media-exp1.licdn.com/dms/image/C560BAQG0oj2lSpsdrw/company-logo_200_200/0/1519856597056?e=1641427200&v=beta&t=7Wk2GbSE2uplxPCS0gtyVczVxQlxBLg-ZjD7LXbOGDE,longchamp.com,,"Paris, France",,,,Jean Cassegrain,"Jean Cassegrain (CEO) Aug 1997 --, Philippe Cassegrain (President)",Luxury fashion,"1,291",€553 million,1948,Private,"Leather handbags, leather goods, luggage, shoes",,,,,No
Loro Piana,https://media-exp1.licdn.com/dms/image/C4D0BAQFRHKRKMXJcBg/company-logo_200_200/0/1602260415844?e=1641427200&v=beta&t=N_78s0WtmX5TismGgzxRpxLqU24I6jonM0W6D-PPJms,loropiana.com,MC.PA,"Quarona, Italy",,LVMH,Sanin SA,Pietro Loro Piana,"Fabio d’Angelantonio (CEO) Sep 1, 2016–",Luxury fashion,"1,830",€690.05 million,1924,Private,"ready-to-wear, cashmere, wool, accessories",,,,,No
Maison Martin Margiela,https://www.maisonmargiela.com/ytos/resources/MMMARGIELA/images/svg_img/logo.svg,maisonmargiela.com,,"Paris, France",,OTB Group,,Martin Margiela,Gianfranco Gianangeli (CEO) Sep 2020–,Luxury fashion,500,€200 million,1988,Private,"menswear, jewelry, footwear, fragrances, home design",,,,,No
Malo,https://media-exp1.licdn.com/dms/image/C4D0BAQExmgCXfqoScg/company-logo_200_200/0/1583845481950?e=1641427200&v=beta&t=op6Go7bNxWXPn2HUEGcwpKBP67iu88d8ky_JeQkECLE,malo.it,,"Florence, Italy",,IT Holding Group,,"Alfredo Canessa, Giacomo Canessa",Fabio Leoncini (CEO),Luxury fashion,69,€75 million,1972,Private,"Cashmere, Knitwear",,,,,No
Marni,https://media-exp1.licdn.com/dms/image/C4D0BAQG8Scuzag1v7g/company-logo_200_200/0/1617101285946?e=1641427200&v=beta&t=_TCf2imeSkA-2uVqGZSNMyaz1chEla4fjQymPqbtoD0,marni.com,,"Milan, Italy",,OTB Group,,Consuelo Castiglioni,Barbara Calò (CEO),Luxury fashion,450,€62.8 million,1994,Private,"ready-to-wear, handbags, accessories, fragrances, eyewear",,,,,Yes
Max Mara,https://media-exp1.licdn.com/dms/image/C4D0BAQEc3wi03zU8sA/company-logo_200_200/0/1548664413298?e=1641427200&v=beta&t=-FzNB2buiibiwfvoRMowm8U3JZu-Yb7_va4OwccLIKs,maxmara.com,,"Reggio Emilia, Italy",,,Marina Rinaldi,Achille Maramotti,Luigi Maramotti (CEO) 1989–,Luxury fashion,"3,388",€1.2 billion,1951,Private,Accessories,,,,,No
Missoni,https://media-exp1.licdn.com/dms/image/C4D0BAQFOHIHhNbSk1A/company-logo_200_200/0/1624968383058?e=1641427200&v=beta&t=WelIHR5Wh-aPoHWUGSa1HII2zmSHjVSN-R77GQSIeWE,missoni.com,,"Varese, Italy‎",,,M Missoni,"Ottavio Missoni, Rosita Missoni",Livio Proli (CEO) 2019 --,Luxury fashion,349,"€61.62 million, 2014",1953,Private,"knitwear, accessories, shoes, eyewear",,,,,No
Miu Miu,https://commons.wikimedia.org/wiki/File:Miu-Miu-Logo.svg,miumiu.com,PRDSY,"Paris, France",Luxembourg -- Luxembourg;,Prada,,Miuccia Prada,Benedetta Petruzzo (CEO) February 2020 --,Luxury fashion,450,€330 million,1993,Private,"handbags, accessories",,,,,Yes
Moncler,https://media-exp1.licdn.com/dms/image/C4E0BAQG3ugQjZHMr_A/company-logo_200_200/0/1519885301468?e=1631145600&v=beta&t=kycVKFHJzxXfooZ2Jz7OPRW4uJ1sCqPqCGR2D3hHhec,moncler.com,MONC.MI,"Milan, Italy",Italy -- Milan; Italy -- Trebaseleghe; France -- Paris; Turkey -- Istanbul;,Ruffini Partecipazioni Srl,"Stone Island, Industries S.P.A., Moncler Enfant Srl, Moncler Usa Retail, Moncler Lunettes S.r.l, Moncler USA Inc.","René Ramillon, Andrè Vincent",Remo Ruffini (CEO) 2003–,Luxury fashion,"2,122","€1.42 billion, 2018",1952,Public,"skiwear, accessories",,,,,No
Mulberry,https://media-exp1.licdn.com/dms/image/C4E0BAQH1GLyqMYd90Q/company-logo_200_200/0/1535986863808?e=1641427200&v=beta&t=TjgoZFpGM1OI7tP1ri6l5VKVUrcs7HcFSt4sr0puIqw,mulberry.com,MUL.L,"Somerset, United Kingdom",United Kingdom -- London;,,"Mulberry (Korea) Co, Ltd, Mulberry Co. (Design) Ltd., Mulberry Oslo AS, Mulberry Company (Sales) Limited, Mulberry USA LLC, Mulberry Company (France) SARL",Roger Saul,"Thierry Andretta (CEO) Apr 7, 2015–",Luxury fashion,"1,666",,1971,Public,"accessories, footwear, luggage, ready-to-wear, jewelry, eyewear",,,,,No
Nina Ricci,https://media-exp1.licdn.com/dms/image/C560BAQGcsCmN_5Bj9w/company-logo_200_200/0/1552322308493?e=1641427200&v=beta&t=Qk4VGlSIy6IySl8LKPRMLsgeEMVI_6yFUBEXz6u9FrM,ninaricci.com,,"Neuilly-sur-Seine, France",,"Puig, Puig Prestige Beauté SAS",,Nina Ricci,Jean-Philippe Hecquet (CEO) ,Luxury fashion,91,€10.76 million,1932,Private,Couture,,,,,No
Paul Smith,https://media-exp1.licdn.com/dms/image/C510BAQF2vZyS4QRHkg/company-logo_200_200/0/1566207410631?e=1641427200&v=beta&t=JdzRLJdPZy3QldgANCbMEDLR9fGQj0dD_1pLsiSxR9Q,paulsmith.com,,"Nottingham, United Kingdom",United Kingdom -- London;,Paul Smith (Holdings) Limited,"Paul Smith (Japan) Ltd, Paul Smith LLC",Paul Smith,John Morley (Managing Director),Luxury fashion,957,"€215 million, 2019",1970,Private,"shoes, accessories",,,,,No
Roberto Cavalli,https://media-exp1.licdn.com/dms/image/C4E0BAQHOrsvYdw7Qeg/company-logo_200_200/0/1619867279714?e=1641427200&v=beta&t=CWONQDfA6OEz0QtxaDuy_9c2aLj6bQkwxxBPQnPQYCc,robertocavalli.com,,"Sesto Fiorentino, Italy",Italy -- Sesto Fiorentino; ,Clessidra SGR,,Roberto Cavalli,"Gian Giacomo Ferraris (CEO) Jul 28, 2016–",Luxury fashion,616,"€155,2 million, 2016",1970,Private,"animalier prints, haute couture, ready-to-wear, accessories, handbags, eyewear, watches, shoes, fragrances, jewelry",,,,,No
Salvatore Ferragamo,https://media-exp1.licdn.com/dms/image/C560BAQHTxiHBLtmjpg/company-logo_200_200/0/1540811040652?e=1641427200&v=beta&t=8WBqbVflq5d0m0sqQm_BwL7cJzDB2Q0VfPJwKjgiBfM,ferragamo.com,SFER.MI,"Florence, Italy",Italy -- Florence;,Ferragamo Finanziaria SpA,"Ferragamo USA, Inc., Ferragamo Deutschland GmbH, ferragamo Parfums S.P.A., Ferragamo Argentina SA, Ferragamo Brasil Roupas e Acessorios Ltda, Ferragamo Chile Sa, Ferragamo Mexico S. De R.l. De C.v., Ferragamo Retail Hk, ARTS s.r.l., Ferragamo Hong Kong Ltd., Ferragamo Japan KK, Ferragamo Korea Ltd., Ferragamo International B.V., Ferragamo Moda Shanghai Co. Limited, Ferragamo (Thailand) Limited, Ferragamo Retail Nederland Bv, Ferragamo Latin America Inc., Ferragamo Denmark Aps, Ferragamo Austria Gmbh, Ferragamo (Singapore) Pte. Ltd., Ferragamo Belgique S.a., Ferragamo Suisse S.a., Ferragamo (Malaysia) Sdn Bhd, Ferragamo Retail Macau Limited, Ferrimag Limited, Ferragamo MonteCarlo SAM, Ferragamo Retail India Private Ltd, Ferragamo Espana Sl",Salvatore Ferragamo,"Ferruccio Ferragamo (CEO) Mar 8, 2018–",Luxury fashion,"2,599","€916 million, 2020",1927,Public,"shoes, leather goods, silk products, accessories, fragrances, eyewear, watches",,,,,No
Sonia Rykiel,https://media-exp1.licdn.com/dms/image/C4E0BAQHMV70-MDkCpQ/company-logo_200_200/0/1519856824164?e=1641427200&v=beta&t=PEejLAI-CfLqHfMlpjnUy9Ezrj962Z_Zzde5hE8xCPk,soniarykiel.com,,"Paris, France",France -- Paris;,First Heritage Brands,"The Donna Karan Company Store LLC, G.H. Bass & Co., El Portal Group Inc.",Sonia Rykiel,Perry Oosting (CEO)  18 July 2018 --,Luxury fashion,162,"€32 million, 2018",1968,Private,"Knitwear, Accessories",,,,,No
Stella McCartney,https://media-exp1.licdn.com/dms/image/C510BAQEWJkLCzLAscg/company-logo_200_200/0/1519893219673?e=1631145600&v=beta&t=Y3hQV4DB2BdKHIFgsVDd2z9WGXmeojjYPXE78hQ4w9I,stellamccartney.com,MC.PA,"London, United Kingdom",United Kingdom -- London; Italy -- Milan; France -- Paris; Spain -- Barcelona;,LVMH,"Stella McCartney America, Inc., Stella McCartney France SAS, Stella McCartney Spain SL, Stella McCartney (Shanghai) Trading Limited, Stella McCartney Japan Limited, Stella McCartney Hong Kong Limited, Stella McCartney Taiwan Limited",Stella McCartney,"Gabriele Maggio (President, CEO) Oct 2019 --",Luxury fashion,670,€250.1 million,2001,Private,"ready-to-wear, shoes, bags, fragrances, eyewear, accessories",,,,,No
Strenesse,https://s1.qwant.com/thumbr/0x380/1/5/7719109a3e5944af65be310c4fc321c82c64ed89bacad3ef50e129b16cb1b1/strenesse.jpg?u=http%3A%2F%2Fwww.damenmode-kleidung.de%2Fwp-content%2Fuploads%2F2015%2F09%2Fstrenesse.jpg&q=0&b=1&p=0&a=0,strenesse.com,,"Nördlingen, Germany",Germany -- Nördlingen; ,MAEG Holding,,"Gerd Strehle, Gabriele Strehle",Juergen Gessler (CEO) 2017–,Luxury fashion,50,€10 million,1949,Private,,,,,,No
Tod’s,https://media-exp1.licdn.com/dms/image/C560BAQGefYhgzZ4oJQ/company-logo_200_200/0/1519856677146?e=1641427200&v=beta&t=BUgwCQQxDLwoMLakc3hbVoaNU6eQs2gW9G5xjla7coE,tods.com,TOD.MI,"Marche, Italy",Itally -- Marche;,Diego Della Valle & C. S.A.P.A,"Tod’s USA, Maison Schiaparelli, Tod’s International B.V., Tod’s Japan K.K, Roger Vivier France S.A.S., Partecipazioni Internazionali S.r.l., Tod’s Austria GMBH, Tod’s Australia PTY Ltd, Del.Com. Srl","Filippo Della Valle, Dorino Della Valle",Diego Della Valle (CEO) Oct 2000–,Luxury fashion,"2,153","€963.3 million, 2017",1900,Public,"shoes, leather goods, accessories",,,,,No
Valentino,https://media-exp1.licdn.com/dms/image/C4D0BAQHLL7zWUfmacA/company-logo_200_200/0/1631001924133?e=1641427200&v=beta&t=FZ1Rcsc46ZuhcJ9yn6T-e1wugfwGeM4Zms-WDHtOBbE,valentino.com,,"Milan, Italy",Italy -- Milan;,Valentino Fashion Group,"Hugo Boss, Valentino USA, Inc.","Valentino Garavani, Giancarlo Giammetti","Jacopo Venturini (CEO) Jun 1, 2020–",Luxury fashion,"2,714",€882 million,1960,Private,"Haute Couture, ready-to-wear, Accessories, Fragrances, Eyewear",,,,,No
Versace,https://media-exp1.licdn.com/dms/image/C4D0BAQE9oJ4bhZHuTg/company-logo_200_200/0/1519856291605?e=1641427200&v=beta&t=sYob2oE8fng8dyPc-QB3NM2nGrcZrB31eUXjPvAbhio,versace.com,CPRI,"Milan, Italy",Italy -- Milan; ,Capri Holdings,"Versace U.K. PLC, Vertime B.V.",Gianni Versace,Jonathan Akeroyd (CEO) May 2016–,Luxury fashion,"2,078",€508.21 million,1978,Private,"haute couture, ready-to-wear, jewelry, watches, accessories, fragrances, home design",,,,,No
Vivienne Westwood,https://media-exp1.licdn.com/dms/image/C560BAQEsASDP7WASQw/company-logo_200_200/0/1541091374314?e=1641427200&v=beta&t=X8eVz0O7-dK4buC1fhIQxWbw1tjOkE3SUVf3LjvJwcM,viviennewestwood.com,,"London, United Kingdom",United Kingdom -- London; ,,,Vivienne Westwood,Carlo D’Amario (CEO) 1980 --,Luxury fashion,449,€46.3 million,1971,Private,"leather goods, jewelry, accessories, fragrances, home design",,,,,No
Victoria Beckham,https://media-exp1.licdn.com/dms/image/C4D0BAQHTsKNM6kLcPg/company-logo_200_200/0/1582647166805?e=1631145600&v=beta&t=Y6bdtlI0rzBn_aCBVB_R04jGL6X08534i0BNyUSN8Vk,victoriabeckham.com,,"London, United Kingdom",United Kingdom -- London; United Kingdom -- Bicester; ,,,Victoria Beckham,Marie Leblanc de Reynies (CEO) Oct 2019 --,Luxury fashion,163,€38.3 million,2008,Private,,,,,,Yes
Moschino,https://media-exp1.licdn.com/dms/image/C4E0BAQHJpEqsg4A6Kw/company-logo_200_200/0/1524813823394?e=1641427200&v=beta&t=IJlneOsJ74JWL2mc2r8Spd45I18MEUybUd4L2DfnFt4,moschino.com,AEF.MI,"Milan, Italy",Italy -- Milan;,Aeffe SpA,"Fashoff Uk Ltd, Moschino Far East Limited, Moschino France S.a.r.l., Moschino USA Inc., Bloody Mary",Franco Moschino,Stefano Secchi (CEO) Oct 2019 –,Luxury fashion,290,€60.7 million,1983,Public,"Haute Couture, ready-to-wear, Shoes, Accessories",,,,,No
Canali,https://media-exp1.licdn.com/dms/image/C4D0BAQH-8KzwrF2_iw/company-logo_200_200/0/1630936599332?e=1641427200&v=beta&t=31Nv3ip8Ml9ZhNu4Katc3F2TiEiswJQ6e2qeDSTVn78,canali.com,,"Sovico, Italy",Italy -- Sovico; Italy -- Milan; Spain -- Valencia; Spain -- Barcelona; Spain -- Madrid; Greece -- Athens; Switzerland -- Geneva; Bulgaria -- Sofia;,,"Canali India Private Limited, Canali U.S.A., Inc.","Giacomo Canali, Giovanni Canali",Giovanni Canali (CEO) Apr 2005 –,Luxury fashion,421,€216 million,1934,Private,"Menswear, Made in Italy, Craftsmanship, Made to Measure",,,,,No
Cerruti,https://media-exp1.licdn.com/dms/image/C560BAQGcVn6aZPeTfw/company-logo_200_200/0/1519906055916?e=1641427200&v=beta&t=oxtfaI3gbX287Snku9fo5lNX02oUbr48Wy7t7ecPzII,cerruti.com,,"Paris, France",France -- Paris;,Trinity Limited,,Nino Cerruti,Laurent Grosgogeat (General Manager) Mar 2016 –,Luxury fashion,101,€39.3 million,1967,Public,"ready-to-wear, jeans, fragrances, sportswear, leather goods, watches, accessories",,,,,No
Trussardi,https://media-exp1.licdn.com/dms/image/C4E0BAQFgkklle2TbkA/company-logo_200_200/0/1619101028286?e=1641427200&v=beta&t=T6EC_2_WukkL8etl--T7xOo9HCwbM6hCbVzmIK2848I,trussardi.com,,"Milan, Italy",Italy -- Milan;,Quattro R,,Dante Trussardi,"Sebastian Suhl (CEO) Oct 26, 2020–",Luxury fashion,518,€152 million,1911,Private,"Leather goods, Accessories",,,,,No
